H22053532_20ng_BR	H22053532_20ng_BR	20230125 RNA-Seq	G01	G01	UDP0103	TCCGTTATGT	UDP0103	TACACTACAA	20230125_RNASeq				TCCGTTATGT  TACACTACAA
H22053532_50ng_BR	H22053532_50ng_BR	20230125 RNA-Seq	H01	H01	UDP0104	GGTCTATTAA	UDP0104	CGTGTCGTGG	20230125_RNASeq				GGTCTATTAA  CGTGTCGTGG
H22055087_20ng_BR	H22055087_20ng_BR	20230125 RNA-Seq	C01	C01	UDP0099	TCTCACACGC	UDP0099	TCACTGTCCG	20230125_RNASeq				TCTCACACGC  TCACTGTCCG
H22055087_20ng_HS	H22055087_20ng_HS	20230125 RNA-Seq	B03	B03	UDP0114	TAGAATTGGA	UDP0114	TCAGATTAAC	20230125_RNASeq				TAGAATTGGA  TCAGATTAAC
H22055087_50ng_BR	H22055087_50ng_BR	20230125 RNA-Seq	F01	F01	UDP0102	ATGGCGCCTG	UDP0102	AGGCCGTGGA	20230125_RNASeq				ATGGCGCCTG  AGGCCGTGGA
H23000551_20ng_BR	H23000551_20ng_BR	20230125 RNA-Seq	A01	A01	UDP0097	TGCCGGTCAG	UDP0097	TTGTATCAGG	20230125_RNASeq				TGCCGGTCAG  TTGTATCAGG
H23000551_20ng_HS	H23000551_20ng_HS	20230125 RNA-Seq	A03	A03	UDP0113	GAATTACAAG	UDP0113	CTGAGCCGGT	20230125_RNASeq				GAATTACAAG  CTGAGCCGGT
H23000551_50ng_BR	H23000551_50ng_BR	20230125 RNA-Seq	B01	B01	UDP0098	CACTCAATTC	UDP0098	CACAACTTAA	20230125_RNASeq				CACTCAATTC  CACAACTTAA
Z22007658_20ng_BR	Z22007658_20ng_BR	20230125 RNA-Seq	C02	C02	UDP0107	GAACGCAATA	UDP0107	ACAGTAAGAT	20230125_RNASeq				GAACGCAATA  ACAGTAAGAT
Z22007658_50ng_BR	Z22007658_50ng_BR	20230125 RNA-Seq	F02	F02	UDP0110	TAATTAGCGT	UDP0110	TTCTTAACCA	20230125_RNASeq				TAATTAGCGT  TTCTTAACCA
Z22008726_20ng_BR	Z22008726_20ng_BR	20230125 RNA-Seq	A02	A02	UDP0105	CAGCAATCGT	UDP0105	ATACATCACA	20230125_RNASeq				CAGCAATCGT  ATACATCACA
Z22009056_20ng_BR	Z22009056_20ng_BR	20230125 RNA-Seq	G02	G02	UDP0111	ATTAACAAGG	UDP0111	ACGAACAACA	20230125_RNASeq				ATTAACAAGG  ACGAACAACA
